StateID,StateName,Dcode,DistrictName,ConstCode,CastedVote,Constituency,1stCandidate,1stGender,1stAge,1stAgeBracket,1stPartyID,2074PartyID,2074Gender,2074Age,2074AgeBracket,1stParty,1stTotalVoteReceived,1st%Vote,1stRank,2ndCandidate,2ndGender,2ndAge,2ndAgeBracket,2ndPartyID,2ndParty,2ndTotalVoteReceived,2nd%Vote,2ndRank,3rdCandidate,3rdGender,3rdAge,3rdAgeBracket,3rdPartyID,3rdParty,3rdTotalVoteReceived,3rd%Vote,3rdRank
1,प्रदेश १,101,ताप्लेजुंग,1011,49345,ताप्लेजुंग-1,योगेश कुमार भट्टराई,M,56,41-60,1,1,M,51,41-60,नेपाल कम्युनिष्ट पार्टी (एमाले),0,0.00%,1,खेल प्रसाद बुडाक्षेत्री,M,46,41-60,3,नेपाल कम्युनिष्ट पार्टी (माओवादी केन्द्र)(एकल चुनाव चिन्ह),0,0.00%,2,चन्द्र मादेन,M,49,41-60,41,"जनता समाजवादी पार्टी, नेपाल ",0,0.00%,3
1,प्रदेश १,102,संखुवासभा,1021,65967,संखुवासभा-1,राजेन्द्र प्रसाद गौत्तम,M,59,41-60,1,1,M,54,41-60,नेपाल कम्युनिष्ट पार्टी (एमाले),0,0.00%,1,दिपक खड्का,M,51,41-60,2,नेपाली काँग्रेस,0,0.00%,2,दिपक कुमार राई (याक्खा),M,45,41-60,41,"जनता समाजवादी पार्टी, नेपाल ",0,0.00%,3
1,प्रदेश १,103,सोलुखुम्बु,1031,39545,सोलुखुम्बु-1,मानबीर राई,M,52,41-60,1,3,M,33,21-40,नेपाल कम्युनिष्ट पार्टी (एमाले),0,0.00%,1,बल बहादुर के.सी,M,69,60+,2,नेपाली काँग्रेस,0,0.00%,2,लाक्पा शेर्पा,M,40,21-40,41,"जनता समाजवादी पार्टी, नेपाल ",0,0.00%,3
1,प्रदेश १,104,ओखलढुंगा,1041,61688,ओखलढुंगा-1,यज्ञ राज सुनुवार,M,50,41-60,1,1,M,45,41-60,नेपाल कम्युनिष्ट पार्टी (एमाले),0,0.00%,1,राम हरि खतिवडा,M,52,41-60,2,नेपाली काँग्रेस,0,0.00%,2,जुद्ध बहादुर राई,M,50,41-60,41,"जनता समाजवादी पार्टी, नेपाल ",0,0.00%,3
1,प्रदेश १,105,खोटाङ्ग,1051,66905,खोटाङ्ग-1,विशाल भट्टराई,M,53,41-60,1,1,M,48,41-60,नेपाल कम्युनिष्ट पार्टी (एमाले),0,0.00%,1,राम कुमार राई,M,54,41-60,3,नेपाल कम्युनिष्ट पार्टी (माओवादी केन्द्र)(एकल चुनाव चिन्ह),0,0.00%,2,कृष्ण कुमार राई,M,67,60+,41,"जनता समाजवादी पार्टी, नेपाल ",0,0.00%,3
1,प्रदेश १,106,भोजपुर,1061,60424,भोजपुर-1,शेरधन राई,M,51,41-60,1,3,M,38,21-40,नेपाल कम्युनिष्ट पार्टी (एमाले),0,0.00%,1,सुदन किराती,M,43,41-60,3,नेपाल कम्युनिष्ट पार्टी (माओवादी केन्द्र)(एकल चुनाव चिन्ह),0,0.00%,2,ध्रुव छाङछा दुमिहाङ्ग राई,M,35,21-40,41,"जनता समाजवादी पार्टी, नेपाल ",0,0.00%,3
1,प्रदेश १,107,धनकुटा,1071,66564,धनकुटा-1,राजेन्द्र कुमार राई,M,56,41-60,1,1,M,51,41-60,नेपाल कम्युनिष्ट पार्टी (एमाले),0,0.00%,1,सुनील बहादुर थापा,M,63,60+,2,नेपाली काँग्रेस,0,0.00%,2,कुमार बहादुर थापा,M,70,60+,4,राष्ट्रिय प्रजातन्त्र पार्टी,0,0.00%,3
1,प्रदेश १,108,तेर्हथुम,1081,42301,तेर्हथुम-1,बिजय सुब्बा,M,64,60+,1,1,M,56,41-60,नेपाल कम्युनिष्ट पार्टी (एमाले),0,0.00%,1,सिता गुरुङ्ग,F,46,41-60,2,नेपाली काँग्रेस,0,0.00%,2,नारायण मान गुरुङ्ग,M,55,41-60,41,"जनता समाजवादी पार्टी, नेपाल ",0,0.00%,3
1,प्रदेश १,109,पाँचथर,1091,72182,पाँचथर-1,वसन्त कुमार नेम्वाङ्ग,M,60,41-60,1,1,M,55,41-60,नेपाल कम्युनिष्ट पार्टी (एमाले),0,0.00%,1,भीष्म राज आङदेम्वे,M,57,41-60,2,नेपाली काँग्रेस,0,0.00%,2,प्रेम राज लावती,M,49,41-60,41,"जनता समाजवादी पार्टी, नेपाल ",0,0.00%,3
1,प्रदेश १,110,इलाम,1101,62114,इलाम-1,महेश बस्नेत,M,62,60+,1,1,M,67,60+,नेपाल कम्युनिष्ट पार्टी (एमाले),0,0.00%,1,झलनाथ खनाल,M,72,60+,38,नेपाल कम्युनिष्ट पार्टी (एकिकृत समाजबादी) ,0,0.00%,2,कमल कुमार राई,M,63,60+,41,"जनता समाजवादी पार्टी, नेपाल ",0,0.00%,3
1,प्रदेश १,110,इलाम,1102,68389,इलाम-2,सुवास चन्द्र नेम्वाङ्ग,M,69,60+,1,1,M,64,60+,नेपाल कम्युनिष्ट पार्टी (एमाले),0,0.00%,1,डम्बर बहादुर खड्का,M,47,41-60,2,नेपाली काँग्रेस,0,0.00%,2,याम प्रसाद लिम्ब‍ू,M,52,41-60,41,"जनता समाजवादी पार्टी, नेपाल ",0,0.00%,3
1,प्रदेश १,111,झापा,1111,73303,झापा-1,अग्नि प्रसाद खरेल,M,61,60+,1,3,M,61,60+,नेपाल कम्युनिष्ट पार्टी (एमाले),0,0.00%,1,विश्व प्रकाश शर्मा,M,52,41-60,2,नेपाली काँग्रेस,0,0.00%,2,राधा थापा,F,70,60+,41,"जनता समाजवादी पार्टी, नेपाल ",0,0.00%,3
1,प्रदेश १,111,झापा,1112,81957,झापा-2,देव राज घिमिरे,M,66,60+,1,1,F,53,41-60,नेपाल कम्युनिष्ट पार्टी (एमाले),0,0.00%,1,हरि कुमार राना मगर,M,63,60+,3,नेपाल कम्युनिष्ट पार्टी (माओवादी केन्द्र)(एकल चुनाव चिन्ह),0,0.00%,2,रामसुफल कामती,M,63,60+,41,"जनता समाजवादी पार्टी, नेपाल ",0,0.00%,3
1,प्रदेश १,111,झापा,1113,78932,झापा-3,कृष्ण प्रसाद सिटौला,M,72,60+,2,4,M,52,41-60,नेपाली काँग्रेस,0,0.00%,1,वीर बहादुर राई,M,70,60+,41,"जनता समाजवादी पार्टी, नेपाल ",0,0.00%,2,राजेन्द्र प्रसाद लिङ्देन,M,57,41-60,4,राष्ट्रिय प्रजातन्त्र पार्टी,0,0.00%,3
1,प्रदेश १,111,झापा,1114,73629,झापा-4,लाल प्रसाद साँवा लिम्बू,M,55,41-60,1,1,M,50,41-60,नेपाल कम्युनिष्ट पार्टी (एमाले),0,0.00%,1,देउ कुमार थेवे,M,57,41-60,2,नेपाली काँग्रेस,0,0.00%,2,हर्कराज राई,M,63,60+,41,"जनता समाजवादी पार्टी, नेपाल ",0,0.00%,3
1,प्रदेश १,111,झापा,1115,91345,झापा-5,के.पी शर्मा ओली,M,70,60+,1,1,M,65,60+,नेपाल कम्युनिष्ट पार्टी (एमाले),0,0.00%,1,खगेन्द्र अधिकारी,M,48,41-60,2,नेपाली काँग्रेस,0,0.00%,2,ओम माया आङदेम्वे,F,46,41-60,41,"जनता समाजवादी पार्टी, नेपाल ",0,0.00%,3
1,प्रदेश १,112,मोरङ्ग,1121,71427,मोरङ्ग-1,घनश्याम खतीवडा,M,60,41-60,1,1,M,56,41-60,नेपाल कम्युनिष्ट पार्टी (एमाले),0,0.00%,1,डिग बहादुर लिम्वु,M,59,41-60,2,नेपाली काँग्रेस,0,0.00%,2,होम नाथ गौतम,M,44,41-60,4,राष्ट्रिय प्रजातन्त्र पार्टी,0,0.00%,3
1,प्रदेश १,112,मोरङ्ग,1122,75789,मोरङ्ग-2,ऋषिकेश पोखरेल,M,54,41-60,1,2,M,60,41-60,नेपाल कम्युनिष्ट पार्टी (एमाले),0,0.00%,1,सुजाता कोइराला,F,68,60+,2,नेपाली काँग्रेस,0,0.00%,2,गोपाल दाहाल,M,55,41-60,4,राष्ट्रिय प्रजातन्त्र पार्टी,0,0.00%,3
1,प्रदेश १,112,मोरङ्ग,1123,87443,मोरङ्ग-3,भानु भक्त ढकाल,M,60,41-60,1,1,M,55,41-60,नेपाल कम्युनिष्ट पार्टी (एमाले),0,0.00%,1,शुनिल कुमार शर्मा,M,44,41-60,2,नेपाली काँग्रेस,0,0.00%,2,रेखा थापा,F,41,41-60,4,राष्ट्रिय प्रजातन्त्र पार्टी,0,0.00%,3
1,प्रदेश १,112,मोरङ्ग,1124,66929,मोरङ्ग-4,विनोद प्रसाद ढकाल,M,54,41-60,1,3,M,32,21-40,नेपाल कम्युनिष्ट पार्टी (एमाले),0,0.00%,1,अमन लाल मोदी,M,37,21-40,3,नेपाल कम्युनिष्ट पार्टी (माओवादी केन्द्र)(एकल चुनाव चिन्ह),0,0.00%,2,रवि रिजाल,M,50,41-60,4,राष्ट्रिय प्रजातन्त्र पार्टी,0,0.00%,3
1,प्रदेश १,112,मोरङ्ग,1125,63929,मोरङ्ग-5,शिव कुमार मंडल (केवट),M,47,41-60,3,3,M,42,41-60,नेपाल कम्युनिष्ट पार्टी (माओवादी केन्द्र)(एकल चुनाव चिन्ह),0,0.00%,1,राज कुमार यादव,M,50,41-60,41,"जनता समाजवादी पार्टी, नेपाल ",0,0.00%,2,रेवत बहादुर थापा,M,76,60+,4,राष्ट्रिय प्रजातन्त्र पार्टी,0,0.00%,3
1,प्रदेश १,112,मोरङ्ग,1126,74873,मोरङ्ग-6,लाल बाबु पंण्डित,M,63,60+,1,1,M,58,41-60,नेपाल कम्युनिष्ट पार्टी (एमाले),0,0.00%,1,डा शेखर कोइराला,M,72,60+,2,नेपाली काँग्रेस,0,0.00%,2,गोपाल क्षेत्री,M,64,60+,4,राष्ट्रिय प्रजातन्त्र पार्टी,0,0.00%,3
1,प्रदेश १,113,सुनसरी,1131,72750,सुनसरी-1,मुक्‍सामहाङ्ग सुब्‍बा,M,40,21-40,3,1,M,49,41-60,नेपाल कम्युनिष्ट पार्टी (माओवादी केन्द्र)(एकल चुनाव चिन्ह),0,0.00%,1,अशोक कुमार राई,M,65,60+,41,"जनता समाजवादी पार्टी, नेपाल ",0,0.00%,2,अशोक कुमार राई,M,61,60+,4,राष्ट्रिय प्रजातन्त्र पार्टी,0,0.00%,3
1,प्रदेश १,113,सुनसरी,1132,87055,सुनसरी-2,भीम प्रसाद आचार्य,M,63,60+,1,2,M,62,60+,नेपाल कम्युनिष्ट पार्टी (एमाले),0,0.00%,1,सिताराम महतो,M,67,60+,2,नेपाली काँग्रेस,0,0.00%,2,दिने‍श कुमार बस्‍नेत,M,50,41-60,4,राष्ट्रिय प्रजातन्त्र पार्टी,0,0.00%,3
1,प्रदेश १,113,सुनसरी,1133,81379,सुनसरी-3,भगवती चौधरी,F,51,41-60,1,2,M,63,60+,नेपाल कम्युनिष्ट पार्टी (एमाले),0,0.00%,1,विजय कुमार गच्‍छदार,M,68,60+,2,नेपाली काँग्रेस,0,0.00%,2,कुलदीप चौधरी,M,49,41-60,4,राष्ट्रिय प्रजातन्त्र पार्टी,0,0.00%,3
1,प्रदेश १,113,सुनसरी,1134,68316,सुनसरी-4,जगदिश प्रसाद कुसियैत,M,62,60+,1,2,M,60,41-60,नेपाल कम्युनिष्ट पार्टी (एमाले),0,0.00%,1,ज्ञानेन्द्र बहादुर कार्की,M,65,60+,2,नेपाली काँग्रेस,0,0.00%,2,विध्यानन्द यादव,M,35,21-40,4,राष्ट्रिय प्रजातन्त्र पार्टी,0,0.00%,3
1,प्रदेश १,114,उदयपुर,1141,69215,उदयपुर-1,मन्जु कुमारी चौधरी,F,48,41-60,1,2,M,68,60+,नेपाल कम्युनिष्ट पार्टी (एमाले),0,0.00%,1,डा. नारायण खड्का,M,73,60+,2,नेपाली काँग्रेस,0,0.00%,2,गोपाल राई,M,44,41-60,41,"जनता समाजवादी पार्टी, नेपाल ",0,0.00%,3
1,प्रदेश १,114,उदयपुर,1142,40219,उदयपुर-2,अम्वर बहादुर रायामाझी,M,53,41-60,1,3,M,41,41-60,नेपाल कम्युनिष्ट पार्टी (एमाले),0,0.00%,1,जगन्नाथ खतिवडा,M,60,41-60,38,नेपाल कम्युनिष्ट पार्टी (एकिकृत समाजबादी) ,0,0.00%,2,सिद्धान्त राई,M,43,41-60,41,"जनता समाजवादी पार्टी, नेपाल ",0,0.00%,3
2,मधेश प्रदेश,201,सप्तरी,2011,58308,सप्तरी-1,रामदेव साह(तेली),M,63,60+,2,33,M,58,41-60,नेपाली काँग्रेस,0,0.00%,1,नवल किसोर साह सुडी,M,73,60+,41,"जनता समाजवादी पार्टी, नेपाल ",0,0.00%,2,विष्णु देव यादव,M,53,41-60,4,राष्ट्रिय प्रजातन्त्र पार्टी,0,0.00%,3
2,मधेश प्रदेश,201,सप्तरी,2012,47297,सप्तरी-2,उपेन्द्र यादव,M,61,60+,41,33,M,56,41-60,"जनता समाजवादी पार्टी, नेपाल ",0,0.00%,1,चन्द्र कान्त राउत,M,45,41-60,48,जनमत पार्टी,0,0.00%,2,जय प्रकाश ठाकुर,M,66,60+,44,"लोकतान्त्रिक समाजवादी पार्टी, नेपाल  ",0,0.00%,3
2,मधेश प्रदेश,201,सप्तरी,2013,55257,सप्तरी-3,ताराकान्त चौधरी,M,57,41-60,1,32,M,70,60+,नेपाल कम्युनिष्ट पार्टी (एमाले),0,0.00%,1,दिनेश कुमार यादव,M,61,60+,2,नेपाली काँग्रेस,0,0.00%,2,गंगाराम ठाकुर,M,62,60+,4,राष्ट्रिय प्रजातन्त्र पार्टी,0,0.00%,3
2,मधेश प्रदेश,201,सप्तरी,2014,55582,सप्तरी-4,तेजु लाल चौधरी,M,60,41-60,2,2,M,55,41-60,नेपाली काँग्रेस,0,0.00%,1,वालकिसोर यादव,M,48,41-60,41,"जनता समाजवादी पार्टी, नेपाल ",0,0.00%,2,मकुन चौधरी,M,46,41-60,4,राष्ट्रिय प्रजातन्त्र पार्टी,0,0.00%,3
2,मधेश प्रदेश,202,सिराहा,2021,60145,सिराहा-1,राम शंकर यादव,M,61,60+,1,2,M,67,60+,नेपाल कम्युनिष्ट पार्टी (एमाले),0,0.00%,1,पदम नारायण चौधरी,M,74,60+,2,नेपाली काँग्रेस,0,0.00%,2,दिनेश कुमार महतो,M,32,21-40,4,राष्ट्रिय प्रजातन्त्र पार्टी,0,0.00%,3
2,मधेश प्रदेश,202,सिराहा,2022,56767,सिराहा-2,चित्रलेखा यादब,F,57,41-60,2,3,M,61,60+,नेपाली काँग्रेस,0,0.00%,1,राज किशोर यादव,M,49,41-60,41,"जनता समाजवादी पार्टी, नेपाल ",0,0.00%,2,मुरलि मिझार,M,67,60+,4,राष्ट्रिय प्रजातन्त्र पार्टी,0,0.00%,3
2,मधेश प्रदेश,202,सिराहा,2023,58132,सिराहा-3,लिलानाथ श्रेष्ठ,M,65,60+,1,1,M,60,41-60,नेपाल कम्युनिष्ट पार्टी (एमाले),0,0.00%,1,विश्‍वनाथ साह,M,69,60+,3,नेपाल कम्युनिष्ट पार्टी (माओवादी केन्द्र)(एकल चुनाव चिन्ह),0,0.00%,2,गोवर्धन दास तत्मा,M,69,60+,4,राष्ट्रिय प्रजातन्त्र पार्टी,0,0.00%,3
2,मधेश प्रदेश,202,सिराहा,2024,52611,सिराहा-4,धर्मनाथ प्रसाद साह,M,62,60+,38,32,M,44,41-60,नेपाल कम्युनिष्ट पार्टी (एकिकृत समाजबादी) ,0,0.00%,1,बिरेन्द्र प्रसाद महतो,M,53,41-60,41,"जनता समाजवादी पार्टी, नेपाल ",0,0.00%,2,नगीना कुमार झा,F,36,21-40,4,राष्ट्रिय प्रजातन्त्र पार्टी,0,0.00%,3
2,मधेश प्रदेश,203,धनुषा,2031,64697,धनुषा-1,मातृका प्रसाद यादव,M,64,60+,3,3,M,59,41-60,नेपाल कम्युनिष्ट पार्टी (माओवादी केन्द्र)(एकल चुनाव चिन्ह),0,0.00%,1,दीपक कार्की,M,58,41-60,41,"जनता समाजवादी पार्टी, नेपाल ",0,0.00%,2,मनोज मल्ल ठकुरी,M,53,41-60,4,राष्ट्रिय प्रजातन्त्र पार्टी,0,0.00%,3
2,मधेश प्रदेश,203,धनुषा,2032,68023,धनुषा-2,उमाशंकर अरगरिया,M,45,41-60,1,33,M,40,21-40,नेपाल कम्युनिष्ट पार्टी (एमाले),0,0.00%,1,राम कृष्ण यादव,M,60,41-60,2,नेपाली काँग्रेस,0,0.00%,2,राम चन्द्र झा,M,68,60+,38,नेपाल कम्युनिष्ट पार्टी (एकिकृत समाजबादी) ,0,0.00%,3
2,मधेश प्रदेश,203,धनुषा,2033,62243,धनुषा-3,जुली कुमारी महतो (महासेठ),F,46,41-60,1,32,M,58,41-60,नेपाल कम्युनिष्ट पार्टी (एमाले),0,0.00%,1,राम पदारथ मंडल,M,53,41-60,4,राष्ट्रिय प्रजातन्त्र पार्टी,0,0.00%,2,अनिल कुमार झा,M,55,41-60,44,"लोकतान्त्रिक समाजवादी पार्टी, नेपाल  ",0,0.00%,3
2,मधेश प्रदेश,203,धनुषा,2034,63456,धनुषा-4,रघुबीर महासेठ,M,61,60+,1,1,M,56,41-60,नेपाल कम्युनिष्ट पार्टी (एमाले),0,0.00%,1,महेन्द्र यादव,M,60,41-60,2,नेपाली काँग्रेस,0,0.00%,2,महाजन यादव,M,66,60+,41,"जनता समाजवादी पार्टी, नेपाल ",0,0.00%,3
2,मधेश प्रदेश,204,महोत्तरी,2041,53794,महोत्तरी-1,लझ्मी महतो काेइरी,M,58,41-60,1,3,M,60,41-60,नेपाल कम्युनिष्ट पार्टी (एमाले),0,0.00%,1,गिरिराज  मणी  पोखरेल,M,65,60+,3,नेपाल कम्युनिष्ट पार्टी (माओवादी केन्द्र)(एकल चुनाव चिन्ह),0,0.00%,2,पुजा घिमिरे,F,29,21-40,4,राष्ट्रिय प्रजातन्त्र पार्टी,0,0.00%,3
2,मधेश प्रदेश,204,महोत्तरी,2042,50171,महोत्तरी-2,राम परिक्षण यादव,M,63,60+,1,32,M,63,60+,नेपाल कम्युनिष्ट पार्टी (एमाले),0,0.00%,1,शरत सिंह भण्डारी,M,68,60+,44,"लोकतान्त्रिक समाजवादी पार्टी, नेपाल  ",0,0.00%,2,उमेश कुमार यादव,M,54,41-60,48,जनमत पार्टी,0,0.00%,3
2,मधेश प्रदेश,204,महोत्तरी,2043,44972,महोत्तरी-3,हरि नारायण यादव,M,60,41-60,41,32,M,75,60+,"जनता समाजवादी पार्टी, नेपाल ",0,0.00%,1,महन्थ ठाकुर,M,80,60+,44,"लोकतान्त्रिक समाजवादी पार्टी, नेपाल  ",0,0.00%,2,मृगेन्द्र यादव,M,35,21-40,48,जनमत पार्टी,0,0.00%,3
2,मधेश प्रदेश,204,महोत्तरी,2044,50582,महोत्तरी-4,महेन्‍द्र कुमार राय,M,63,60+,2,33,M,46,41-60,नेपाली काँग्रेस,0,0.00%,1,सुरेन्‍द्र कुमार यादव,M,51,41-60,41,"जनता समाजवादी पार्टी, नेपाल ",0,0.00%,2,मनोज कुमार साह,M,47,41-60,48,जनमत पार्टी,0,0.00%,3
2,मधेश प्रदेश,205,सर्लाही,2051,65212,सर्लाही-1,प्रमोद साह,M,43,41-60,41,32,M,38,21-40,"जनता समाजवादी पार्टी, नेपाल ",0,0.00%,1,राजेन्द्र प्रसाद मैनाली,M,56,41-60,4,राष्ट्रिय प्रजातन्त्र पार्टी,0,0.00%,2,राम प्रकाश चौधरी,M,58,41-60,44,"लोकतान्त्रिक समाजवादी पार्टी, नेपाल  ",0,0.00%,3
2,मधेश प्रदेश,205,सर्लाही,2052,59270,सर्लाही-2,राज नारायण साह,M,58,41-60,1,32,M,80,60+,नेपाल कम्युनिष्ट पार्टी (एमाले),0,0.00%,1,महिन्द्र राय यादव,M,85,60+,3,नेपाल कम्युनिष्ट पार्टी (माओवादी केन्द्र)(एकल चुनाव चिन्ह),0,0.00%,2,विकेश महतो,M,35,21-40,4,राष्ट्रिय प्रजातन्त्र पार्टी,0,0.00%,3
2,मधेश प्रदेश,205,सर्लाही,2053,63707,सर्लाही-3,हरि प्रसाद उप्रेती,M,55,41-60,1,3,M,62,60+,नेपाल कम्युनिष्ट पार्टी (एमाले),0,0.00%,1,नरेन्द्र साह कलवार,M,50,41-60,3,नेपाल कम्युनिष्ट पार्टी (माओवादी केन्द्र)(एकल चुनाव चिन्ह),0,0.00%,2,त्रिभुवन कुमार सिंह,M,49,41-60,48,जनमत पार्टी,0,0.00%,3
2,मधेश प्रदेश,205,सर्लाही,2054,59312,सर्लाही-4,नागेन्द्र कुमार,M,69,60+,2,2,M,47,41-60,नेपाली काँग्रेस,0,0.00%,1,राकेश कुमार मिश्र,M,48,41-60,41,"जनता समाजवादी पार्टी, नेपाल ",0,0.00%,2,महेश महतो,M,42,41-60,4,राष्ट्रिय प्रजातन्त्र पार्टी,0,0.00%,3
2,मधेश प्रदेश,206,रौतहट,2061,52866,रौतहट-1,अजय कुमार गुप्‍ता,M,48,41-60,1,32,M,50,41-60,नेपाल कम्युनिष्ट पार्टी (एमाले),0,0.00%,1,माधव कुमार नेपाल,M,69,60+,38,नेपाल कम्युनिष्ट पार्टी (एकिकृत समाजबादी) ,0,0.00%,2,राजेन्द्र प्रसाद साह,M,62,60+,48,जनमत पार्टी,0,0.00%,3
2,मधेश प्रदेश,206,रौतहट,2062,52031,रौतहट-2,मो. फिरदोस अ‍ालम,M,35,21-40,2,2,M,55,41-60,नेपाली काँग्रेस,0,0.00%,1,शैलेन्द्र शाह,M,51,41-60,41,"जनता समाजवादी पार्टी, नेपाल ",0,0.00%,2,रामयस झा,M,67,60+,48,जनमत पार्टी,0,0.00%,3
2,मधेश प्रदेश,206,रौतहट,2063,61958,रौतहट-3,रविन्‍द्र पटेल,M,44,41-60,3,3,M,46,41-60,नेपाल कम्युनिष्ट पार्टी (माओवादी केन्द्र)(एकल चुनाव चिन्ह),0,0.00%,1,सिकिन्द्र राय यादव,M,51,41-60,4,राष्ट्रिय प्रजातन्त्र पार्टी,0,0.00%,2,रामेश्‍वर प्रसाद यादव,M,63,60+,48,जनमत पार्टी,0,0.00%,3
2,मधेश प्रदेश,206,रौतहट,2064,60240,रौतहट-4,उध्दव प्रसाद रेग्मी,M,57,41-60,1,2,M,47,41-60,नेपाल कम्युनिष्ट पार्टी (एमाले),0,0.00%,1,देव प्रसाद तिमलसेना,M,52,41-60,2,नेपाली काँग्रेस,0,0.00%,2,रुपलाल राय यादव,M,44,41-60,4,राष्ट्रिय प्रजातन्त्र पार्टी,0,0.00%,3
2,मधेश प्रदेश,207,बारा,2071,67222,बारा-1,अच्युत प्रसाद मैनाली,M,57,41-60,1,2,M,51,41-60,नेपाल कम्युनिष्ट पार्टी (एमाले),0,0.00%,1,उमाकान्त चौधरी,M,56,41-60,2,नेपाली काँग्रेस,0,0.00%,2,भक्‍त बहादुर दर्लामी,M,43,41-60,4,राष्ट्रिय प्रजातन्त्र पार्टी,0,0.00%,3
2,मधेश प्रदेश,207,बारा,2072,56355,बारा-2,शिवचन्द्र प्रसाद कुशवाहा,M,56,41-60,3,33,M,47,41-60,नेपाल कम्युनिष्ट पार्टी (माओवादी केन्द्र)(एकल चुनाव चिन्ह),0,0.00%,1,रामसहाय प्रसाद यादव,M,52,41-60,41,"जनता समाजवादी पार्टी, नेपाल ",0,0.00%,2,सोनालाल प्रसाद सा तेली,M,52,41-60,4,राष्ट्रिय प्रजातन्त्र पार्टी,0,0.00%,3
2,मधेश प्रदेश,207,बारा,2073,55885,बारा-3,ज्वाला कुमारी साह,F,40,21-40,1,33,M,42,41-60,नेपाल कम्युनिष्ट पार्टी (एमाले),0,0.00%,1,रामवावु कुमार यादव,M,47,41-60,41,"जनता समाजवादी पार्टी, नेपाल ",0,0.00%,2,रुपनारायण ठाकुर लोहार,M,52,41-60,4,राष्ट्रिय प्रजातन्त्र पार्टी,0,0.00%,3
2,मधेश प्रदेश,207,बारा,2074,60133,बारा-4,एक‍वाल मियाँ,M,53,41-60,1,32,M,48,41-60,नेपाल कम्युनिष्ट पार्टी (एमाले),0,0.00%,1,कृष्ण कुमार श्रेष्ठ,M,54,41-60,38,नेपाल कम्युनिष्ट पार्टी (एकिकृत समाजबादी) ,0,0.00%,2,जलिल देवान,M,55,41-60,4,राष्ट्रिय प्रजातन्त्र पार्टी,0,0.00%,3
2,मधेश प्रदेश,208,पर्सा,2081,44598,पर्सा-1,प्रदिप यादव,M,47,41-60,41,33,M,42,41-60,"जनता समाजवादी पार्टी, नेपाल ",0,0.00%,1,किरण मान डंगोल,M,64,60+,4,राष्ट्रिय प्रजातन्त्र पार्टी,0,0.00%,2,लक्ष्मण लाल कर्ण,M,75,60+,44,"लोकतान्त्रिक समाजवादी पार्टी, नेपाल  ",0,0.00%,3
2,मधेश प्रदेश,208,पर्सा,2082,49245,पर्सा-2,अजय कुमार चौरसिया,M,57,41-60,2,33,M,66,60+,नेपाली काँग्रेस,0,0.00%,1,सुरेन्‍द्र प्रसाद कुर्मी,M,56,41-60,41,"जनता समाजवादी पार्टी, नेपाल ",0,0.00%,2,नरेश कुमार साह,M,46,41-60,4,राष्ट्रिय प्रजातन्त्र पार्टी,0,0.00%,3
2,मधेश प्रदेश,208,पर्सा,2083,50863,पर्सा-3,राज कुमार गुप्ता,M,51,41-60,1,33,M,54,41-60,नेपाल कम्युनिष्ट पार्टी (एमाले),0,0.00%,1,सुरेन्‍द्र प्रसाद चौधरी,M,64,60+,2,नेपाली काँग्रेस,0,0.00%,2,अंगद ठाकुर,M,51,41-60,4,राष्ट्रिय प्रजातन्त्र पार्टी,0,0.00%,3
2,मधेश प्रदेश,208,पर्सा,2084,49791,पर्सा-4,जालिम मियाँ मंसुरी,M,75,60+,1,32,M,70,60+,नेपाल कम्युनिष्ट पार्टी (एमाले),0,0.00%,1,रमेश रिजाल,M,65,60+,2,नेपाली काँग्रेस,0,0.00%,2,अवधेश प्रसाद गौरो,M,65,60+,4,राष्ट्रिय प्रजातन्त्र पार्टी,0,0.00%,3
3,बागमती प्रदेश,301,दोलखा,3011,82438,दोलखा-1,बालकृष्ण शिवाकोटी,M,53,41-60,1,1,M,49,41-60,नेपाल कम्युनिष्ट पार्टी (एमाले),0,0.00%,1,ग‌ंगा कार्की,M,57,41-60,3,नेपाल कम्युनिष्ट पार्टी (माओवादी केन्द्र)(एकल चुनाव चिन्ह),0,0.00%,2,दावा शेर्पा,M,43,41-60,41,"जनता समाजवादी पार्टी, नेपाल ",0,0.00%,3
3,बागमती प्रदेश,302,सिन्धुपाल्चोक,3021,73248,सिन्धुपाल्चोक-1,सरेश नेपाल,M,61,60+,1,3,M,59,41-60,नेपाल कम्युनिष्ट पार्टी (एमाले),0,0.00%,1,माधव सापकोटा,M,41,41-60,3,नेपाल कम्युनिष्ट पार्टी (माओवादी केन्द्र)(एकल चुनाव चिन्ह),0,0.00%,2,डिवी सिंह लामा,M,33,21-40,41,"जनता समाजवादी पार्टी, नेपाल ",0,0.00%,3
3,बागमती प्रदेश,302,सिन्धुपाल्चोक,3022,71834,सिन्धुपाल्चोक-2,शेर बहादुर तामाङग,M,53,41-60,1,1,M,48,41-60,नेपाल कम्युनिष्ट पार्टी (एमाले),0,0.00%,1,मोहन बहादुर बस्नेत,M,64,60+,2,नेपाली काँग्रेस,0,0.00%,2,नर सिं श्रेष्ठ,M,59,41-60,4,राष्ट्रिय प्रजातन्त्र पार्टी,0,0.00%,3
3,बागमती प्रदेश,303,रसुवा,3031,24942,रसुवा-1,छोवाङ तेन्जीन तामङ्ग,M,62,60+,1,2,M,40,21-40,नेपाल कम्युनिष्ट पार्टी (एमाले),0,0.00%,1,मोहन आचार्य,M,45,41-60,2,नेपाली काँग्रेस,0,0.00%,2,टिका प्रसाद देवकोटा,M,37,21-40,4,राष्ट्रिय प्रजातन्त्र पार्टी,0,0.00%,3
3,बागमती प्रदेश,304,धादिङ्ग,3041,74170,धादिङ्ग-1,भुमि प्रसाद त्रिपाठी,M,57,41-60,1,1,M,52,41-60,नेपाल कम्युनिष्ट पार्टी (एमाले),0,0.00%,1,राजेन्द्र प्रसाद पाण्डे,M,66,60+,38,नेपाल कम्युनिष्ट पार्टी (एकिकृत समाजबादी) ,0,0.00%,2,नोरमान तामाङ,M,45,41-60,41,"जनता समाजवादी पार्टी, नेपाल ",0,0.00%,3
3,बागमती प्रदेश,304,धादिङ्ग,3042,73243,धादिङ्ग-2,खेम प्रसाद लोहनी,M,63,60+,1,1,M,58,41-60,नेपाल कम्युनिष्ट पार्टी (एमाले),0,0.00%,1,रामनाथ अधिकारी,M,61,60+,2,नेपाली काँग्रेस,0,0.00%,2,मेकरमान तामाङ्ग,M,41,41-60,41,"जनता समाजवादी पार्टी, नेपाल ",0,0.00%,3
3,बागमती प्रदेश,305,नुवाकोट,3051,66028,नुवाकोट-1,बद्री मैनाली,M,46,41-60,1,3,M,54,41-60,नेपाल कम्युनिष्ट पार्टी (एमाले),0,0.00%,1,हित बहादुर तामाङ,M,59,41-60,3,नेपाल कम्युनिष्ट पार्टी (माओवादी केन्द्र)(एकल चुनाव चिन्ह),0,0.00%,2,देव राज घिमिरे,M,48,41-60,41,"जनता समाजवादी पार्टी, नेपाल ",0,0.00%,3
3,बागमती प्रदेश,305,नुवाकोट,3052,65057,नुवाकोट-2,नारायण प्रसाद खतिवडा,M,65,60+,1,1,M,60,41-60,नेपाल कम्युनिष्ट पार्टी (एमाले),0,0.00%,1,अर्जुन नरसिंह के.सी.,M,75,60+,2,नेपाली काँग्रेस,0,0.00%,2,झनक प्याकुरेल,M,54,41-60,4,राष्ट्रिय प्रजातन्त्र पार्टी,0,0.00%,3
3,बागमती प्रदेश,306,काठमाडौं,3061,27682,काठमाडौं-1,किरण पौडेल,M,41,41-60,1,2,M,61,60+,नेपाल कम्युनिष्ट पार्टी (एमाले),0,0.00%,1,प्रकाश मान सिंह,M,66,60+,2,नेपाली काँग्रेस,0,0.00%,2,रवीन्द्र मिश्र,M,57,41-60,4,राष्ट्रिय प्रजातन्त्र पार्टी,0,0.00%,3
3,बागमती प्रदेश,306,काठमाडौं,3062,51255,काठमाडौं-2,मणिराम फुयाल,M,56,41-60,1,1,M,64,60+,नेपाल कम्युनिष्ट पार्टी (एमाले),0,0.00%,1,ओनसरी घर्ति,F,44,41-60,3,नेपाल कम्युनिष्ट पार्टी (माओवादी केन्द्र)(एकल चुनाव चिन्ह),0,0.00%,2,गोपाल बहादुर टन्दुकार,M,58,41-60,41,"जनता समाजवादी पार्टी, नेपाल ",0,0.00%,3
3,बागमती प्रदेश,306,काठमाडौं,3063,37517,काठमाडौं-3,कृष्‍ण बहादुर राई,M,53,41-60,1,1,M,48,41-60,नेपाल कम्युनिष्ट पार्टी (एमाले),0,0.00%,1,सन्तोष चालिसे,M,64,60+,2,नेपाली काँग्रेस,0,0.00%,2,बद्रि प्रसाद बजगाई,M,48,41-60,3,नेपाल कम्युनिष्ट पार्टी (माओवादी केन्द्र)(एकल चुनाव चिन्ह),0,0.00%,3
3,बागमती प्रदेश,306,काठमाडौं,3064,43535,काठमाडौं-4,राजन भट्टराई,M,54,41-60,1,2,M,41,41-60,नेपाल कम्युनिष्ट पार्टी (एमाले),0,0.00%,1,गगन कुमार थापा,M,46,41-60,2,नेपाली काँग्रेस,0,0.00%,2,डा ठाकुर मोहन श्रेष्ठ,M,58,41-60,4,राष्ट्रिय प्रजातन्त्र पार्टी,0,0.00%,3
3,बागमती प्रदेश,306,काठमाडौं,3065,44710,काठमाडौं-5,इश्वर पोखरेल,M,68,60+,1,1,M,63,60+,नेपाल कम्युनिष्ट पार्टी (एमाले),0,0.00%,1,प्रदीप पौडेल,M,47,41-60,2,नेपाली काँग्रेस,0,0.00%,2,भिम बहादुर मगर,M,46,41-60,41,"जनता समाजवादी पार्टी, नेपाल ",0,0.00%,3
3,बागमती प्रदेश,306,काठमाडौं,3066,39268,काठमाडौं-6,सर्वेन्द्र खनाल,M,56,41-60,1,2,M,64,60+,नेपाल कम्युनिष्ट पार्टी (एमाले),0,0.00%,1,भिमसेन दास प्रधान,M,69,60+,2,नेपाली काँग्रेस,0,0.00%,2,मनोज आचार्य,M,41,41-60,41,"जनता समाजवादी पार्टी, नेपाल ",0,0.00%,3
3,बागमती प्रदेश,306,काठमाडौं,3067,37415,काठमाडौं-7,श्‍याम कुमार घिमिरे,M,68,60+,1,1,M,54,41-60,नेपाल कम्युनिष्ट पार्टी (एमाले),0,0.00%,1,अस्मिता सिहं (मानुषी) यमि भट्टराई,F,36,21-40,3,नेपाल कम्युनिष्ट पार्टी (माओवादी केन्द्र)(एकल चुनाव चिन्ह),0,0.00%,2,राजेन्द्र प्रसाद श्रेष्ठ,M,62,60+,41,"जनता समाजवादी पार्टी, नेपाल ",0,0.00%,3
3,बागमती प्रदेश,306,काठमाडौं,3068,32091,काठमाडौं-8,शिव सुन्दर राजवैद्य,M,65,60+,1,1,M,51,41-60,नेपाल कम्युनिष्ट पार्टी (एमाले),0,0.00%,1,जीवन राम श्रेष्‍ठ,M,56,41-60,38,नेपाल कम्युनिष्ट पार्टी (एकिकृत समाजबादी) ,0,0.00%,2,मनोज कुमार खड्गी(नेवा),M,51,41-60,41,"जनता समाजवादी पार्टी, नेपाल ",0,0.00%,3
3,बागमती प्रदेश,306,काठमाडौं,3069,45074,काठमाडौं-9,कृष्ण गोपाल श्रेष्ठ,M,64,60+,1,1,M,59,41-60,नेपाल कम्युनिष्ट पार्टी (एमाले),0,0.00%,1,कल्पना धमला,F,47,41-60,3,नेपाल कम्युनिष्ट पार्टी (माओवादी केन्द्र)(एकल चुनाव चिन्ह),0,0.00%,2,शर्मिला सुवाल (डंगोल),F,46,41-60,41,"जनता समाजवादी पार्टी, नेपाल ",0,0.00%,3
3,बागमती प्रदेश,306,काठमाडौं,30610,53341,काठमाडौं-10,हिमेस के.सी,M,39,21-40,1,2,M,59,41-60,नेपाल कम्युनिष्ट पार्टी (एमाले),0,0.00%,1,राजेन्द्र कुमार के.सी.,M,64,60+,2,नेपाली काँग्रेस,0,0.00%,2,अन्‍जना विशंखे,F,48,41-60,3,नेपाल कम्युनिष्ट पार्टी (माओवादी केन्द्र)(एकल चुनाव चिन्ह),0,0.00%,3
3,बागमती प्रदेश,307,भक्तपुर,3071,70465,भक्तपुर-1,नवराज गेलाल,M,57,41-60,1,10,M,57,41-60,नेपाल कम्युनिष्ट पार्टी (एमाले),0,0.00%,1,सुनिल गोठे,M,40,21-40,3,नेपाल कम्युनिष्ट पार्टी (माओवादी केन्द्र)(एकल चुनाव चिन्ह),0,0.00%,2,हिरा लाल खड्का,M,55,41-60,41,"जनता समाजवादी पार्टी, नेपाल ",0,0.00%,3
3,बागमती प्रदेश,307,भक्तपुर,3072,63109,भक्तपुर-2,महेश बस्नेत,M,47,41-60,1,1,M,42,41-60,नेपाल कम्युनिष्ट पार्टी (एमाले),0,0.00%,1,दुर्लभ थापा क्षेत्री,M,54,41-60,2,नेपाली काँग्रेस,0,0.00%,2,दिल बहादुर तामाङ्ग,M,42,41-60,41,"जनता समाजवादी पार्टी, नेपाल ",0,0.00%,3
3,बागमती प्रदेश,308,ललितपुर,3081,49115,ललितपुर-1,नव राज सिलवाल,M,59,41-60,1,1,M,54,41-60,नेपाल कम्युनिष्ट पार्टी (एमाले),0,0.00%,1,उदय शंशेर ज.ब.राणा,M,52,41-60,2,नेपाली काँग्रेस,0,0.00%,2,गोपाल राज राई,M,49,41-60,41,"जनता समाजवादी पार्टी, नेपाल ",0,0.00%,3
3,बागमती प्रदेश,308,ललितपुर,3082,52807,ललितपुर-2,प्रेम बहादुर महर्जन,M,56,41-60,1,1,M,62,60+,नेपाल कम्युनिष्ट पार्टी (एमाले),0,0.00%,1,कृष्ण लाल महर्जन,M,67,60+,38,नेपाल कम्युनिष्ट पार्टी (एकिकृत समाजबादी) ,0,0.00%,2,रघुवर राज थापा,M,53,41-60,4,राष्ट्रिय प्रजातन्त्र पार्टी,0,0.00%,3
3,बागमती प्रदेश,308,ललितपुर,3083,59214,ललितपुर-3,अमृत खड्का,M,49,41-60,1,3,F,55,41-60,नेपाल कम्युनिष्ट पार्टी (एमाले),0,0.00%,1,पम्फा भुसाल,F,60,41-60,3,नेपाल कम्युनिष्ट पार्टी (माओवादी केन्द्र)(एकल चुनाव चिन्ह),0,0.00%,2,निरन्जन थापा,M,40,21-40,4,राष्ट्रिय प्रजातन्त्र पार्टी,0,0.00%,3
3,बागमती प्रदेश,309,काभ्रेपलाञ्चोक,3091,89343,काभ्रेपलाञ्चोक-1,रेशम बहादुर लामा,M,50,41-60,1,3,M,46,41-60,नेपाल कम्युनिष्ट पार्टी (एमाले),0,0.00%,1,सुर्य मान तामाङ (दोङ),M,52,41-60,3,नेपाल कम्युनिष्ट पार्टी (माओवादी केन्द्र)(एकल चुनाव चिन्ह),0,0.00%,2,धन वहादुर तामाङ,M,39,21-40,41,"जनता समाजवादी पार्टी, नेपाल ",0,0.00%,3
3,बागमती प्रदेश,309,काभ्रेपलाञ्चोक,3092,96556,काभ्रेपलाञ्चोक-2,गोकुल प्रसाद वाँस्कोटा,M,52,41-60,1,1,M,47,41-60,नेपाल कम्युनिष्ट पार्टी (एमाले),0,0.00%,1,शिव प्रसाद हुमागाई,M,61,60+,2,नेपाली काँग्रेस,0,0.00%,2,सिद्धि बहादुर जोशी,M,64,60+,41,"जनता समाजवादी पार्टी, नेपाल ",0,0.00%,3
3,बागमती प्रदेश,310,रामेछाप,3101,83130,रामेछाप-1,कैलाश प्रसाद ढुंगेल,M,62,60+,1,3,M,45,41-60,नेपाल कम्युनिष्ट पार्टी (एमाले),0,0.00%,1,पुर्ण वहादुर तमाङ्ग,M,57,41-60,2,नेपाली काँग्रेस,0,0.00%,2,देव शंकर पौडेल,M,62,60+,38,नेपाल कम्युनिष्ट पार्टी (एकिकृत समाजबादी) ,0,0.00%,3
3,बागमती प्रदेश,311,सिन्धुली,3111,57161,सिन्धुली-1,प्रदिप कुमार कटुवाल क्षेत्री (के सी),M,60,41-60,1,1,M,47,41-60,नेपाल कम्युनिष्ट पार्टी (एमाले),0,0.00%,1,श्‍याम कुमार घिमिरे,M,58,41-60,2,नेपाली काँग्रेस,0,0.00%,2,सोम नाथ अधिकारी,M,36,21-40,41,"जनता समाजवादी पार्टी, नेपाल ",0,0.00%,3
3,बागमती प्रदेश,311,सिन्धुली,3112,51257,सिन्धुली-2,मनोज जंग थापा,M,54,41-60,1,3,M,62,60+,नेपाल कम्युनिष्ट पार्टी (एमाले),0,0.00%,1,लेख नाथ दाहाल,M,46,41-60,3,नेपाल कम्युनिष्ट पार्टी (माओवादी केन्द्र)(एकल चुनाव चिन्ह),0,0.00%,2,भिष्म राज श्रेष्‍ठ,M,52,41-60,4,राष्ट्रिय प्रजातन्त्र पार्टी,0,0.00%,3
3,बागमती प्रदेश,312,मकवानपुर,3121,79726,मकवानपुर-1,कमल थापा,M,67,60+,1,1,M,54,41-60,नेपाल कम्युनिष्ट पार्टी (एमाले),0,0.00%,1,महालक्ष्मी उपाध्याय(डिना),F,58,41-60,2,नेपाली काँग्रेस,0,0.00%,2,इन्द्र मान थिङ,M,37,21-40,41,"जनता समाजवादी पार्टी, नेपाल ",0,0.00%,3
3,बागमती प्रदेश,312,मकवानपुर,3122,82645,मकवानपुर-2,महेश कुमार वर्तौला,M,40,21-40,1,1,M,57,41-60,नेपाल कम्युनिष्ट पार्टी (एमाले),0,0.00%,1,विरोध खतिवडा,M,62,60+,38,नेपाल कम्युनिष्ट पार्टी (एकिकृत समाजबादी) ,0,0.00%,2,राजन मैनाली,M,57,41-60,4,राष्ट्रिय प्रजातन्त्र पार्टी,0,0.00%,3
3,बागमती प्रदेश,313,चितवन,3131,87904,चितवन-1,सुरेन्द्र प्रसाद पाण्डे,M,64,60+,1,1,M,59,41-60,नेपाल कम्युनिष्ट पार्टी (एमाले),0,0.00%,1,विश्‍वनाथ पौडेल,M,47,41-60,2,नेपाली काँग्रेस,0,0.00%,2,अजय ठाकुर हजाम,M,36,21-40,41,"जनता समाजवादी पार्टी, नेपाल ",0,0.00%,3
3,बागमती प्रदेश,313,चितवन,3132,74931,चितवन-2,कृष्ण भक्त पोख्रेल,M,55,41-60,1,1,M,50,41-60,नेपाल कम्युनिष्ट पार्टी (एमाले),0,0.00%,1,उमेश श्रेष्ठ,M,66,60+,2,नेपाली काँग्रेस,0,0.00%,2,मुस्तफा अली,M,64,60+,41,"जनता समाजवादी पार्टी, नेपाल ",0,0.00%,3
3,बागमती प्रदेश,313,चितवन,3133,90293,चितवन-3,भोज राज अधिकारी,M,42,41-60,3,3,M,61,60+,नेपाल कम्युनिष्ट पार्टी (माओवादी केन्द्र)(एकल चुनाव चिन्ह),0,0.00%,1,काशीम मिया,M,34,21-40,41,"जनता समाजवादी पार्टी, नेपाल ",0,0.00%,2,विक्रम पाण्डे,M,69,60+,4,राष्ट्रिय प्रजातन्त्र पार्टी,0,0.00%,3
4,गण्डकी प्रदेश,401,गोरखा,4011,59284,गोरखा-1,राम शरण वस्नेत,M,60,41-60,1,3,M,49,41-60,नेपाल कम्युनिष्ट पार्टी (एमाले),0,0.00%,1,राजेन्द्र बजगाई,M,49,41-60,2,नेपाली काँग्रेस,0,0.00%,2,रुपेश राना,M,36,21-40,41,"जनता समाजवादी पार्टी, नेपाल ",0,0.00%,3
4,गण्डकी प्रदेश,401,गोरखा,4012,57479,गोरखा-2,अब्दुस सलाम मिया,M,29,21-40,1,34,M,63,60+,नेपाल कम्युनिष्ट पार्टी (एमाले),0,0.00%,1,पुष्प कमल दाहाल {प्रचन्ड},M,66,60+,3,नेपाल कम्युनिष्ट पार्टी (माओवादी केन्द्र)(एकल चुनाव चिन्ह),0,0.00%,2,सुशिल पन्त,M,46,41-60,4,राष्ट्रिय प्रजातन्त्र पार्टी,0,0.00%,3
4,गण्डकी प्रदेश,402,मनाङ्ग,4021,4321,मनाङ्ग-1,पोल्देन छोपाङ गुरुङ्ग,M,63,60+,1,1,M,58,41-60,नेपाल कम्युनिष्ट पार्टी (एमाले),0,0.00%,1,टेक बहादुर गुरुङ,M,67,60+,2,नेपाली काँग्रेस,0,0.00%,2,मुख्या गुरुङ,M,38,21-40,93,राष्ट्रिय स्वतन्त्र पार्टी,0,0.00%,3
4,गण्डकी प्रदेश,403,मुस्तांग,4031,6725,मुस्तांग-1,प्रेम प्रसाद तुलाचन,M,60,41-60,1,1,M,55,41-60,नेपाल कम्युनिष्ट पार्टी (एमाले),0,0.00%,1,योगेश गौचन  थकाली,M,29,21-40,2,नेपाली काँग्रेस,0,0.00%,2,प्रविण कुमार शेरचन,M,58,41-60,58,राष्ट्रिय प्रजातन्त्र पार्टी नेपाल,0,0.00%,3
4,गण्डकी प्रदेश,404,म्याग्दी,4041,44979,म्याग्दी-1,हरीकृष्ण श्रेष्ठ,M,57,41-60,1,1,M,50,41-60,नेपाल कम्युनिष्ट पार्टी (एमाले),0,0.00%,1,खम बहादुर गर्बुजा,M,57,41-60,2,नेपाली काँग्रेस,0,0.00%,2,जगत प्रसाद गौचन,M,66,60+,4,राष्ट्रिय प्रजातन्त्र पार्टी,0,0.00%,3
4,गण्डकी प्रदेश,405,कास्की,4051,67486,कास्की-1,मन बहादुर गुरुङ्ग,M,56,41-60,1,1,M,55,41-60,नेपाल कम्युनिष्ट पार्टी (एमाले),0,0.00%,1,किशोर दत्त बराल,M,57,41-60,2,नेपाली काँग्रेस,0,0.00%,2,शमिला नेपाली मंग्राती,F,34,21-40,41,"जनता समाजवादी पार्टी, नेपाल ",0,0.00%,3
4,गण्डकी प्रदेश,405,कास्की,4052,48449,कास्की-2,विधा भटटराई,F,49,41-60,1,1,M,49,41-60,नेपाल कम्युनिष्ट पार्टी (एमाले),0,0.00%,1,श्रीनाथ वराल,M,54,41-60,38,नेपाल कम्युनिष्ट पार्टी (एकिकृत समाजबादी) ,0,0.00%,2,बुद्धि कुमारी गुरुङ्ग,F,61,60+,41,"जनता समाजवादी पार्टी, नेपाल ",0,0.00%,3
4,गण्डकी प्रदेश,405,कास्की,4053,59696,कास्की-3,दामोदर पौडेल वैरागी,M,56,41-60,1,1,M,43,41-60,नेपाल कम्युनिष्ट पार्टी (एमाले),0,0.00%,1,रामजी प्रसाद बराल जीवन,M,56,41-60,3,नेपाल कम्युनिष्ट पार्टी (माओवादी केन्द्र)(एकल चुनाव चिन्ह),0,0.00%,2,हित काजी गुरुङ्ग,M,58,41-60,41,"जनता समाजवादी पार्टी, नेपाल ",0,0.00%,3
4,गण्डकी प्रदेश,406,लमजुंग,4061,74580,लमजुंग-1,पृथ्‍वी सुव्वा गुरुङ,M,64,60+,1,3,M,59,41-60,नेपाल कम्युनिष्ट पार्टी (एमाले),0,0.00%,1,देव प्रसाद गुरुङ,M,64,60+,3,नेपाल कम्युनिष्ट पार्टी (माओवादी केन्द्र)(एकल चुनाव चिन्ह),0,0.00%,2,नरेन्द्र बहादुर गुरुङ,M,64,60+,41,"जनता समाजवादी पार्टी, नेपाल ",0,0.00%,3
4,गण्डकी प्रदेश,407,तनहुँ,4071,64331,तनहुँ-1,एक बहादुर राना मगर,M,63,60+,1,1,M,49,41-60,नेपाल कम्युनिष्ट पार्टी (एमाले),0,0.00%,1,रामचन्द्र पौडेल,M,78,60+,2,नेपाली काँग्रेस,0,0.00%,2,पासाङ थापा मगर,F,35,21-40,41,"जनता समाजवादी पार्टी, नेपाल ",0,0.00%,3
4,गण्डकी प्रदेश,407,तनहुँ,4072,65265,तनहुँ-2,किरण गुरुङ,M,61,60+,1,1,M,54,41-60,नेपाल कम्युनिष्ट पार्टी (एमाले),0,0.00%,1,शंकर भण्डारी,M,54,41-60,2,नेपाली काँग्रेस,0,0.00%,2,नरेन्द्र प्रताप महत,M,64,60+,4,राष्ट्रिय प्रजातन्त्र पार्टी,0,0.00%,3
4,गण्डकी प्रदेश,408,नवलपरासी (बर्दघाट सुस्ता पूर्व),4081,81224,नवलपरासी (बर्दघाट सुस्ता पूर्व)-1,कृष्‍ण प्रसाद पौडेल,M,58,41-60,1,2,M,59,41-60,नेपाल कम्युनिष्ट पार्टी (एमाले),0,0.00%,1,शशांक कोइराला,M,64,60+,2,नेपाली काँग्रेस,0,0.00%,2,भुम बहादुर राई,M,38,21-40,41,"जनता समाजवादी पार्टी, नेपाल ",0,0.00%,3
4,गण्डकी प्रदेश,408,नवलपरासी (बर्दघाट सुस्ता पूर्व),4082,78348,नवलपरासी (बर्दघाट सुस्ता पूर्व)-2,तिल बहादुर महत क्षेत्री,M,58,41-60,1,1,M,53,41-60,नेपाल कम्युनिष्ट पार्टी (एमाले),0,0.00%,1,विष्णु कुमार कार्की,M,59,41-60,2,नेपाली काँग्रेस,0,0.00%,2,विष्‍णु प्रसाद शर्मा,M,62,60+,4,राष्ट्रिय प्रजातन्त्र पार्टी,0,0.00%,3
4,गण्डकी प्रदेश,409,स्याङ्जा,4091,68476,स्याङ्जा-1,नारायण प्रसाद मरासिनी,M,54,41-60,1,1,M,49,41-60,नेपाल कम्युनिष्ट पार्टी (एमाले),0,0.00%,1,राजु थापा,M,43,41-60,2,नेपाली काँग्रेस,0,0.00%,2,ख्याम वहादुर गुरुङ्ग,M,50,41-60,4,राष्ट्रिय प्रजातन्त्र पार्टी,0,0.00%,3
4,गण्डकी प्रदेश,409,स्याङ्जा,4092,67655,स्याङ्जा-2,पद्‍मा कुमारी अर्याल,F,53,41-60,1,1,F,48,41-60,नेपाल कम्युनिष्ट पार्टी (एमाले),0,0.00%,1,धनराज गुरुङ्ग,M,55,41-60,2,नेपाली काँग्रेस,0,0.00%,2,लालगोपाल अर्याल,M,76,60+,4,राष्ट्रिय प्रजातन्त्र पार्टी,0,0.00%,3
4,गण्डकी प्रदेश,410,पर्वत,4101,67582,पर्वत-1,पदम गिरी,M,45,41-60,1,1,M,40,21-40,नेपाल कम्युनिष्ट पार्टी (एमाले),0,0.00%,1,अर्जुन प्रसाद जोशी,M,66,60+,2,नेपाली काँग्रेस,0,0.00%,2,दिपक बहादुर मल्ल,M,42,41-60,4,राष्ट्रिय प्रजातन्त्र पार्टी,0,0.00%,3
4,गण्डकी प्रदेश,411,बागलुङ,4111,54936,बागलुङ-1,सुर्य प्रसाद पाठक,M,46,41-60,1,1,M,41,41-60,नेपाल कम्युनिष्ट पार्टी (एमाले),0,0.00%,1,चित्र बहादुर के.सी.,M,80,60+,8,राष्ट्रिय जनमोर्चा,0,0,2,लक्ष्मी प्रसाद सापकोटा,M,52,41-60,4,राष्ट्रिय प्रजातन्त्र पार्टी,0,0.00%,3
4,गण्डकी प्रदेश,411,बागलुङ,4112,49760,बागलुङ-2,मन्जु शर्मा,F,48,41-60,1,3,M,52,41-60,नेपाल कम्युनिष्ट पार्टी (एमाले),0,0.00%,1,देवेन्द्र पौडेल,M,57,41-60,3,नेपाल कम्युनिष्ट पार्टी (माओवादी केन्द्र)(एकल चुनाव चिन्ह),0,0.00%,2,तिला खत्री,F,41,41-60,93,राष्ट्रिय स्वतन्त्र पार्टी,0,0.00%,3
5,लुम्बिनी प्रदेश,501,रुकुम पूर्व,5011,16926,रुकुम पूर्व-1,कैलाश कुमार मल्ल,M,47,41-60,1,3,F,41,41-60,नेपाल कम्युनिष्ट पार्टी (एमाले),0,0.00%,1,पूर्ण बहादुर घर्ति मगर,M,55,41-60,3,नेपाल कम्युनिष्ट पार्टी (माओवादी केन्द्र)(एकल चुनाव चिन्ह),0,0.00%,2,खिम बहादुर खत्री,M,61,60+,4,राष्ट्रिय प्रजातन्त्र पार्टी,0,0.00%,3
5,लुम्बिनी प्रदेश,502,रोल्पा,5021,65296,रोल्पा-1,पूर्ण बुढामगर,M,36,21-40,1,3,M,46,41-60,नेपाल कम्युनिष्ट पार्टी (एमाले),0,0.00%,1,बर्षमान पुन,M,51,41-60,3,नेपाल कम्युनिष्ट पार्टी (माओवादी केन्द्र)(एकल चुनाव चिन्ह),0,0.00%,2,लीला रावल,F,38,21-40,4,राष्ट्रिय प्रजातन्त्र पार्टी,0,0.00%,3
5,लुम्बिनी प्रदेश,503,प्यूठान,5031,82646,प्यूठान-1,सूर्य बहादुर  थापा क्षेत्री ,M,48,41-60,1,8,F,46,41-60,नेपाल कम्युनिष्ट पार्टी (एमाले),0,0.00%,1,होम बहादुर बुढाथोकी मगर,M,49,41-60,4,राष्ट्रिय प्रजातन्त्र पार्टी,0,0.00%,2,दुर्गा पौडेल,F,51,41-60,81,राष्ट्रिय जनमोर्चा,0,0.00%,3
5,लुम्बिनी प्रदेश,504,गुल्मी,5041,68849,गुल्मी-1,प्रदिप कुमार ज्ञवाली,M,61,60+,1,1,M,56,41-60,नेपाल कम्युनिष्ट पार्टी (एमाले),0,0.00%,1,चन्द्रकान्त भण्डारी,M,61,60+,2,नेपाली काँग्रेस,0,0.00%,2,गणेश पाण्डे,M,31,21-40,4,राष्ट्रिय प्रजातन्त्र पार्टी,0,0.00%,3
5,लुम्बिनी प्रदेश,504,गुल्मी,5042,55851,गुल्मी-2,गोकर्ण राज विष्‍ट,M,57,41-60,1,1,M,52,41-60,नेपाल कम्युनिष्ट पार्टी (एमाले),0,0.00%,1,राम कुमारी झाक्री,F,44,41-60,38,नेपाल कम्युनिष्ट पार्टी (एकिकृत समाजबादी) ,0,0.00%,2,युव राज घिमिरे,M,48,41-60,4,राष्ट्रिय प्रजातन्त्र पार्टी,0,0.00%,3
5,लुम्बिनी प्रदेश,505,अर्घाखांची,5051,84892,अर्घाखांची-1,टोप बहादुर रायमाझी,M,60,41-60,1,3,M,56,41-60,नेपाल कम्युनिष्ट पार्टी (एमाले),0,0.00%,1,पुष्पा भुसाल (गौतम),F,61,60+,2,नेपाली काँग्रेस,0,0.00%,2,नेत्र बहादुर थापा,M,45,41-60,41,"जनता समाजवादी पार्टी, नेपाल ",0,0.00%,3
5,लुम्बिनी प्रदेश,506,पाल्पा,5061,58156,पाल्पा-1,नारायण प्रसाद आचार्य,M,52,41-60,1,1,M,58,41-60,नेपाल कम्युनिष्ट पार्टी (एमाले),0,0.00%,1,ज्ञान बहादुर गाहा,M,49,41-60,2,नेपाली काँग्रेस,0,0.00%,2,मेहरमान राना,M,39,21-40,41,"जनता समाजवादी पार्टी, नेपाल ",0,0.00%,3
5,लुम्बिनी प्रदेश,506,पाल्पा,5062,62142,पाल्पा-2,ठाकुर प्रसाद गैरे,M,54,41-60,1,1,M,62,60+,नेपाल कम्युनिष्ट पार्टी (एमाले),0,0.00%,1,सोम प्रसाद पाण्डेय,M,67,60+,38,नेपाल कम्युनिष्ट पार्टी (एकिकृत समाजबादी) ,0,0.00%,2,दुर्पता सोमै,F,54,41-60,41,"जनता समाजवादी पार्टी, नेपाल ",0,0.00%,3
5,लुम्बिनी प्रदेश,507,नवलपरासी (बर्दघाट सुस्ता पश्चिम),5071,75782,नवलपरासी (बर्दघाट सुस्ता पश्चिम)-1,विनोद कुमार चौधरी,M,67,60+,2,1,M,58,41-60,नेपाली काँग्रेस,0,0.00%,1,भोजराज ढकाल,M,52,41-60,4,राष्ट्रिय प्रजातन्त्र पार्टी,0,0.00%,2,हृदयेश त्रिपाठी,M,63,60+,69,"जनता प्रगतिशिल पार्टी, नेपाल",0,0.00%,3
5,लुम्बिनी प्रदेश,507,नवलपरासी (बर्दघाट सुस्ता पश्चिम),5072,77916,नवलपरासी (बर्दघाट सुस्ता पश्चिम)-2,दिपेन्द्र कुमार अधिकारी,M,60,41-60,1,2,M,60,41-60,नेपाल कम्युनिष्ट पार्टी (एमाले),0,0.00%,1,देवेन्‍द्र राज क‌ण्डेल,M,65,60+,2,नेपाली काँग्रेस,0,0.00%,2,धुब्र बहादुर प्रधान,M,73,60+,4,राष्ट्रिय प्रजातन्त्र पार्टी,0,0.00%,3
5,लुम्बिनी प्रदेश,508,रुपन्देही,5081,82674,रुपन्देही-1,छविलाल विश्वकर्मा,M,59,41-60,1,1,M,54,41-60,नेपाल कम्युनिष्ट पार्टी (एमाले),0,0.00%,1,कैलाश गुरुङ्ग,M,56,41-60,48,जनमत पार्टी,0,0.00%,2,घनश्याम भुसाल,M,61,60+,13,स्वतन्त्र,0,0.00%,3
5,लुम्बिनी प्रदेश,508,रुपन्देही,5082,72474,रुपन्देही-2,विष्‍णु प्रसाद पौडेल,M,62,60+,1,1,M,57,41-60,नेपाल कम्युनिष्ट पार्टी (एमाले),0,0.00%,1,गणेश पौडेल,M,27,21-40,93,राष्ट्रिय स्वतन्त्र पार्टी,0,0.00%,2,हरि सुन्दर बासी,M,41,41-60,10,नेपाल मजदुर किसान पार्टी,0,0.00%,3
5,लुम्बिनी प्रदेश,508,रुपन्देही,5083,79983,रुपन्देही-3,बाल कृष्ण खाँण,M,62,60+,2,1,M,56,41-60,नेपाली काँग्रेस,0,0.00%,1,दीपक बोहरा,M,71,60+,4,राष्ट्रिय प्रजातन्त्र पार्टी,0,0.00%,2,प्रमोद कुमार राउत,M,43,41-60,48,जनमत पार्टी,0,0.00%,3
5,लुम्बिनी प्रदेश,508,रुपन्देही,5084,61010,रुपन्देही-4,प्रमोद कुमार यादव,M,43,41-60,2,2,M,38,21-40,नेपाली काँग्रेस,0,0.00%,1,ओम प्रकाश यादव,M,42,41-60,41,"जनता समाजवादी पार्टी, नेपाल ",0,0.00%,2,सर्वेन्द्र नाथ शुक्ला,M,72,60+,44,"लोकतान्त्रिक समाजवादी पार्टी, नेपाल  ",0,0.00%,3
5,लुम्बिनी प्रदेश,508,रुपन्देही,5085,74259,रुपन्देही-5,बासु देव घिमिरे,M,54,41-60,1,2,M,63,60+,नेपाल कम्युनिष्ट पार्टी (एमाले),0,0.00%,1,भरत कुमार शाह,M,68,60+,2,नेपाली काँग्रेस,0,0.00%,2,चन्द्रशेखर सोनार,M,38,21-40,48,जनमत पार्टी,0,0.00%,3
5,लुम्बिनी प्रदेश,509,कपिलवस्तु,5091,80987,कपिलवस्तु-1,बलराम अधिकारी,M,62,60+,1,3,M,55,41-60,नेपाल कम्युनिष्ट पार्टी (एमाले),0,0.00%,1,चक्रपाणी खनाल,M,60,41-60,3,नेपाल कम्युनिष्ट पार्टी (माओवादी केन्द्र)(एकल चुनाव चिन्ह),0,0.00%,2,ध्रुव बहादुर रायमाझी,M,47,41-60,4,राष्ट्रिय प्रजातन्त्र पार्टी,0,0.00%,3
5,लुम्बिनी प्रदेश,509,कपिलवस्तु,5092,71914,कपिलवस्तु-2,बृजेश कुमार गुप्‍त,M,51,41-60,1,1,M,46,41-60,नेपाल कम्युनिष्ट पार्टी (एमाले),0,0.00%,1,सुरेन्द्र राज आचार्य,M,64,60+,2,नेपाली काँग्रेस,0,0.00%,2,सविता शर्मा,F,30,21-40,4,राष्ट्रिय प्रजातन्त्र पार्टी,0,0.00%,3
5,लुम्बिनी प्रदेश,509,कपिलवस्तु,5093,63637,कपिलवस्तु-3,मंगल प्रसाद गुप्‍ता,M,77,60+,1,2,M,35,21-40,नेपाल कम्युनिष्ट पार्टी (एमाले),0,0.00%,1,अभिषेक प्रताप शाह,M,40,21-40,2,नेपाली काँग्रेस,0,0.00%,2,प्रकाश रजौरिया,M,49,41-60,4,राष्ट्रिय प्रजातन्त्र पार्टी,0,0.00%,3
5,लुम्बिनी प्रदेश,510,दाङ,5101,69580,दाङ-1,शान्ता चौधरी,F,43,41-60,1,1,M,44,41-60,नेपाल कम्युनिष्ट पार्टी (एमाले),0,0.00%,1,मेटमणि चौधरी,M,49,41-60,38,नेपाल कम्युनिष्ट पार्टी (एकिकृत समाजबादी) ,0,0.00%,2,लिली वुढाथोकी,F,49,41-60,4,राष्ट्रिय प्रजातन्त्र पार्टी,0,0.00%,3
5,लुम्बिनी प्रदेश,510,दाङ,5102,69485,दाङ-2,शंकर पोख्रेल,M,59,41-60,1,3,M,58,41-60,नेपाल कम्युनिष्ट पार्टी (एमाले),0,0.00%,1,रेखा शर्मा,F,53,41-60,3,नेपाल कम्युनिष्ट पार्टी (माओवादी केन्द्र)(एकल चुनाव चिन्ह),0,0.00%,2,भोलानाथ योगी,M,61,60+,4,राष्ट्रिय प्रजातन्त्र पार्टी,0,0.00%,3
5,लुम्बिनी प्रदेश,510,दाङ,5103,76506,दाङ-3,कोमल वली,F,53,41-60,1,1,M,41,41-60,नेपाल कम्युनिष्ट पार्टी (एमाले),0,0.00%,1,दिपक गिरी,M,60,41-60,2,नेपाली काँग्रेस,0,0.00%,2,देवि लाल डाँगी,M,40,21-40,41,"जनता समाजवादी पार्टी, नेपाल ",0,0.00%,3
5,लुम्बिनी प्रदेश,511,बाँके,5111,66243,बाँके-1,सुर्य प्रसाद ढकाल,M,50,41-60,1,3,M,46,41-60,नेपाल कम्युनिष्ट पार्टी (एमाले),0,0.00%,1,महेश्‍वर जंग गहतराज (अथक),M,51,41-60,3,नेपाल कम्युनिष्ट पार्टी (माओवादी केन्द्र)(एकल चुनाव चिन्ह),0,0.00%,2,राम कुमार यादव,M,56,41-60,41,"जनता समाजवादी पार्टी, नेपाल ",0,0.00%,3
5,लुम्बिनी प्रदेश,511,बाँके,5112,54273,बाँके-2,सुदीप नरसिंह राणा,M,58,41-60,2,33,M,38,21-40,नेपाली काँग्रेस,0,0.00%,1,मोहम्मद इश्तियाक राई,M,42,41-60,41,"जनता समाजवादी पार्टी, नेपाल ",0,0.00%,2,धवलशम्मशेर जगंबहादुर राणा,M,61,60+,4,राष्ट्रिय प्रजातन्त्र पार्टी,0,0.00%,3
5,लुम्बिनी प्रदेश,511,बाँके,5113,63563,बाँके-3,किस्मत कुमार कक्षपति,M,62,60+,1,1,M,68,60+,नेपाल कम्युनिष्ट पार्टी (एमाले),0,0.00%,1,किशोर सिह राठोर,M,53,41-60,2,नेपाली काँग्रेस,0,0.00%,2,नोयन्द्र धिताल,M,31,21-40,41,"जनता समाजवादी पार्टी, नेपाल ",0,0.00%,3
5,लुम्बिनी प्रदेश,512,बर्दिया,5121,93505,बर्दिया-1,लक्ष्मणराज ज्ञवाली,M,62,60+,1,2,M,54,41-60,नेपाल कम्युनिष्ट पार्टी (एमाले),0,0.00%,1,संजय कुमार गौतम,M,59,41-60,2,नेपाली काँग्रेस,0,0.00%,2,रेशम बहादुर खत्री,M,59,41-60,41,"जनता समाजवादी पार्टी, नेपाल ",0,0.00%,3
5,लुम्बिनी प्रदेश,512,बर्दिया,5122,88600,बर्दिया-2,पंकज सिंह राठौर,M,55,41-60,1,3,M,48,41-60,नेपाल कम्युनिष्ट पार्टी (एमाले),0,0.00%,1,सुरेश पन्थ,M,46,41-60,3,नेपाल कम्युनिष्ट पार्टी (माओवादी केन्द्र)(एकल चुनाव चिन्ह),0,0.00%,2,विनय रावल,M,45,41-60,4,राष्ट्रिय प्रजातन्त्र पार्टी,0,0.00%,3
6,कर्णाली प्रदेश,601,डोल्पा,6011,15249,डोल्पा-1,गणेश बहादुर शाही,M,49,41-60,1,1,M,42,41-60,नेपाल कम्युनिष्ट पार्टी (एमाले),0,0.00%,1,धन बहादुर बुढा,M,47,41-60,38,नेपाल कम्युनिष्ट पार्टी (एकिकृत समाजबादी) ,0,0.00%,2,अंगद कुमार बुढा,M,50,41-60,4,राष्ट्रिय प्रजातन्त्र पार्टी,0,0.00%,3
6,कर्णाली प्रदेश,602,मुगु,6021,22994,मुगु-1,राज बहादुर कार्की,M,43,41-60,1,1,M,46,41-60,नेपाल कम्युनिष्ट पार्टी (एमाले),0,0.00%,1,ऐन बहादुर शाही ठकुरी,M,52,41-60,2,नेपाली काँग्रेस,0,0.00%,2,राज बहादुर मल्ल,M,54,41-60,4,राष्ट्रिय प्रजातन्त्र पार्टी,0,0.00%,3
6,कर्णाली प्रदेश,603,हुम्ला,6031,20833,हुम्ला-1,दल रावल,M,51,41-60,1,13,M,58,41-60,नेपाल कम्युनिष्ट पार्टी (एमाले),0,0.00%,1,छिरिङ डम्डुल लामा (भोटे),M,55,41-60,3,नेपाल कम्युनिष्ट पार्टी (माओवादी केन्द्र)(एकल चुनाव चिन्ह),0,0.00%,2,तेज बहादुर रावत,M,28,21-40,4,राष्ट्रिय प्रजातन्त्र पार्टी,0,0.00%,3
6,कर्णाली प्रदेश,604,जुम्ला,6041,39731,जुम्ला-1,रतन नाथ योगी,M,44,41-60,1,3,M,49,41-60,नेपाल कम्युनिष्ट पार्टी (एमाले),0,0.00%,1,गोमा गौतम (कुँवर),F,39,21-40,3,नेपाल कम्युनिष्ट पार्टी (माओवादी केन्द्र)(एकल चुनाव चिन्ह),0,0.00%,2,ज्ञान बहादुर शाही,M,30,21-40,4,राष्ट्रिय प्रजातन्त्र पार्टी,0,0.00%,3
6,कर्णाली प्रदेश,605,कालिकोट,6051,39670,कालिकोट-1,श्री नगीन्द्र शाही,M,43,41-60,1,3,M,48,41-60,नेपाल कम्युनिष्ट पार्टी (एमाले),0,0.00%,1,महेन्द्र बहादुर शाही,M,45,41-60,3,नेपाल कम्युनिष्ट पार्टी (माओवादी केन्द्र)(एकल चुनाव चिन्ह),0,0.00%,2,धन बहादुर बुढा,M,48,41-60,4,राष्ट्रिय प्रजातन्त्र पार्टी,0,0.00%,3
6,कर्णाली प्रदेश,606,दैलेख,6061,42830,दैलेख-1,रविन्द्र राज शर्मा,M,58,41-60,1,1,M,53,41-60,नेपाल कम्युनिष्ट पार्टी (एमाले),0,0.00%,1,अम्मर बहादुर थापा,M,66,60+,38,नेपाल कम्युनिष्ट पार्टी (एकिकृत समाजबादी) ,0,0.00%,2,कुन्ती कुमारी शाही,F,45,41-60,4,राष्ट्रिय प्रजातन्त्र पार्टी,0,0.00%,3
6,कर्णाली प्रदेश,606,दैलेख,6062,44059,दैलेख-2,लक्ष्मी प्रसाद पोखरेल,M,60,41-60,1,1,M,51,41-60,नेपाल कम्युनिष्ट पार्टी (एमाले),0,0.00%,1,दिक्पाल कुमार शाहि,M,61,60+,2,नेपाली काँग्रेस,0,0.00%,2,लोकेन्द्रराज गिरी,M,33,21-40,4,राष्ट्रिय प्रजातन्त्र पार्टी,0,0.00%,3
6,कर्णाली प्रदेश,607,जाजरकोट,6071,56824,जाजरकोट-1,निरज प्रसाद आचार्य,M,45,41-60,1,3,M,48,41-60,नेपाल कम्युनिष्ट पार्टी (एमाले),0,0.00%,1,शक्ति बहादुर वस्नेत,M,53,41-60,3,नेपाल कम्युनिष्ट पार्टी (माओवादी केन्द्र)(एकल चुनाव चिन्ह),0,0.00%,2,दिपक खनाल,M,50,41-60,4,राष्ट्रिय प्रजातन्त्र पार्टी,0,0.00%,3
6,कर्णाली प्रदेश,608,रुकुम पश्चिम,6081,51915,रुकुम पश्चिम-1,नन्दराम देवकोटा,M,50,41-60,1,3,M,54,41-60,नेपाल कम्युनिष्ट पार्टी (एमाले),0,0.00%,1,जनार्दन शर्मा,M,59,41-60,3,नेपाल कम्युनिष्ट पार्टी (माओवादी केन्द्र)(एकल चुनाव चिन्ह),0,0.00%,2,दिपक कुमार मल्ल,M,55,41-60,4,राष्ट्रिय प्रजातन्त्र पार्टी,0,0.00%,3
6,कर्णाली प्रदेश,609,सल्यान,6091,77715,सल्यान-1,राजेन्द्र वीर राय,M,63,60+,1,3,M,52,41-60,नेपाल कम्युनिष्ट पार्टी (एमाले),0,0.00%,1,प्रकाश ज्वाला,M,55,41-60,38,नेपाल कम्युनिष्ट पार्टी (एकिकृत समाजबादी) ,0,0.00%,2,नेत्रलाल श्रेष्ठ,M,66,60+,4,राष्ट्रिय प्रजातन्त्र पार्टी,0,0.00%,3
6,कर्णाली प्रदेश,610,सुर्खेत,6101,71153,सुर्खेत-1,ध्रुवकुमार शाही,M,52,41-60,1,1,M,47,41-60,नेपाल कम्युनिष्ट पार्टी (एमाले),0,0.00%,1,पूर्ण बहादुर खड्का,M,66,60+,2,नेपाली काँग्रेस,0,0.00%,2,कर्ण बहादुर थापा,M,61,60+,41,"जनता समाजवादी पार्टी, नेपाल ",0,0.00%,3
6,कर्णाली प्रदेश,610,सुर्खेत,6102,68990,सुर्खेत-2,अमृत बहादुर बुढा क्षेत्री,M,63,60+,1,1,M,53,41-60,नेपाल कम्युनिष्ट पार्टी (एमाले),0,0.00%,1,हृदयराम थानी,M,62,60+,2,नेपाली काँग्रेस,0,0.00%,2,दिप बहादुर नेपाली,M,60,41-60,41,"जनता समाजवादी पार्टी, नेपाल ",0,0.00%,3
7,सुदूरपश्चिम प्रदेश,701,बाजुरा,7011,51711,बाजुरा-1,कर्ण बहादुर थापा,M,54,41-60,1,1,M,50,41-60,नेपाल कम्युनिष्ट पार्टी (एमाले),0,0.00%,1,बद्री प्रसाद पाण्डे,M,48,41-60,2,नेपाली काँग्रेस,0,0.00%,2,जंग कुमार गिरी,M,46,41-60,4,राष्ट्रिय प्रजातन्त्र पार्टी,0,0.00%,3
7,सुदूरपश्चिम प्रदेश,702,बझाङ्ग,7021,63332,बझाङ्ग-1,ऐन बहादुर महर,M,38,21-40,1,1,M,58,41-60,नेपाल कम्युनिष्ट पार्टी (एमाले),0,0.00%,1,भानुभक्त जोशी,M,63,60+,38,नेपाल कम्युनिष्ट पार्टी (एकिकृत समाजबादी) ,0,0.00%,2,राम बहादुर जाग्री,M,43,41-60,41,"जनता समाजवादी पार्टी, नेपाल ",0,0.00%,3
7,सुदूरपश्चिम प्रदेश,703,दार्चुला,7031,52200,दार्चुला-1,गणेश सिंह ठगुन्ना,M,53,41-60,1,1,M,48,41-60,नेपाल कम्युनिष्ट पार्टी (एमाले),0,0.00%,1,दिलेन्द्र प्रसाद बडू,M,68,60+,2,नेपाली काँग्रेस,0,0.00%,2,नरेन्द्र सिंह धामी,M,31,21-40,4,राष्ट्रिय प्रजातन्त्र पार्टी,0,0.00%,3
7,सुदूरपश्चिम प्रदेश,704,बैतडी,7041,69122,बैतडी-1,दामोदर भण्डारी,M,48,41-60,1,1,M,43,41-60,नेपाल कम्युनिष्ट पार्टी (एमाले),0,0.00%,1,नरेन्द्र बहादुर कुंवर,M,50,41-60,3,नेपाल कम्युनिष्ट पार्टी (माओवादी केन्द्र)(एकल चुनाव चिन्ह),0,0.00%,2,आन सिंह भण्डारी,M,55,41-60,41,"जनता समाजवादी पार्टी, नेपाल ",0,0.00%,3
7,सुदूरपश्चिम प्रदेश,705,डडेलधुरा,7051,51127,डडेलधुरा-1,शेर बहादुर देउवा,M,77,60+,2,2,M,72,60+,नेपाली काँग्रेस,0,0.00%,1,श्याम सिनाल,M,43,41-60,41,"जनता समाजवादी पार्टी, नेपाल ",0,0.00%,2,गोविन्द खडायत,M,42,41-60,4,राष्ट्रिय प्रजातन्त्र पार्टी,0,0.00%,3
7,सुदूरपश्चिम प्रदेश,706,डोटी,7061,65113,डोटी-1,गौरी कुमारी ओली,F,49,41-60,1,1,M,46,41-60,नेपाल कम्युनिष्ट पार्टी (एमाले),0,0.00%,1,प्रेम वहादुर आले,M,51,41-60,38,नेपाल कम्युनिष्ट पार्टी (एकिकृत समाजबादी) ,0,0.00%,2,अंक बहादुर खड्का,M,65,60+,4,राष्ट्रिय प्रजातन्त्र पार्टी,0,0.00%,3
7,सुदूरपश्चिम प्रदेश,707,अछाम,7071,42582,अछाम-1,झपट बहादुर बोहरा,M,54,41-60,1,1,M,61,60+,नेपाल कम्युनिष्ट पार्टी (एमाले),0,0.00%,1,शेर बहादुर कुँवर,M,56,41-60,38,नेपाल कम्युनिष्ट पार्टी (एकिकृत समाजबादी) ,0,0.00%,2,तेज प्रसाद शर्मा,M,60,41-60,93,हाम्रो नेपाली पार्टी,0,0.00%,3
7,सुदूरपश्चिम प्रदेश,707,अछाम,7072,41244,अछाम-2,यज्ञ बहादुर बोगटी,M,46,41-60,1,1,M,41,41-60,नेपाल कम्युनिष्ट पार्टी (एमाले),0,0.00%,1,पुष्प बहादुर शाह,M,61,60+,2,नेपाली काँग्रेस,0,0.00%,2,मिन बहादुर शाही,M,49,41-60,4,राष्ट्रिय प्रजातन्त्र पार्टी,0,0.00%,3
7,सुदूरपश्चिम प्रदेश,708,कैलाली,7081,60691,कैलाली-1,तपेन्द्र बहादुर रावल,M,49,41-60,1,32,M,40,21-40,नेपाल कम्युनिष्ट पार्टी (एमाले),0,0.00%,1,राम जनम चौधरी,M,62,60+,2,नेपाली काँग्रेस,0,0.00%,2,रन्जिता श्रेष्ठ,F,39,21-40,61,नागरिक उन्मुक्ति पार्टी,0,0.00%,3
7,सुदूरपश्चिम प्रदेश,708,कैलाली,7082,55289,कैलाली-2,झपट बहादुर रावल,M,47,41-60,1,1,M,42,41-60,नेपाल कम्युनिष्ट पार्टी (एमाले),0,0.00%,1,भगत बहादुर बढुवाल,M,50,41-60,3,नेपाल कम्युनिष्ट पार्टी (माओवादी केन्द्र)(एकल चुनाव चिन्ह),0,0.00%,2,भरत सिहं वि.सि.(बुढाक्षेत्री),M,42,41-60,4,राष्ट्रिय प्रजातन्त्र पार्टी,0,0.00%,3
7,सुदूरपश्चिम प्रदेश,708,कैलाली,7083,57242,कैलाली-3,गौरी शंकर चौधरी,M,40,21-40,1,3,M,35,21-40,नेपाल कम्युनिष्ट पार्टी (एमाले),0,0.00%,1,कृष्ण कुमार चौधरी,M,44,41-60,3,नेपाल कम्युनिष्ट पार्टी (माओवादी केन्द्र)(एकल चुनाव चिन्ह),0,0.00%,2,बिरेन्द्र बहादुर बम,M,50,41-60,4,राष्ट्रिय प्रजातन्त्र पार्टी,0,0.00%,3
7,सुदूरपश्चिम प्रदेश,708,कैलाली,7084,58060,कैलाली-4,लेख राज भट्ट,M,63,60+,1,3,M,58,41-60,नेपाल कम्युनिष्ट पार्टी (एमाले),0,0.00%,1,विर बहादुर बलायर,M,57,41-60,2,नेपाली काँग्रेस,0,0.00%,2,जय बहादुर धामी,M,36,21-40,4,राष्ट्रिय प्रजातन्त्र पार्टी,0,0.00%,3
7,सुदूरपश्चिम प्रदेश,708,कैलाली,7085,59614,कैलाली-5,नारद मुनि राना,M,50,41-60,1,1,M,45,41-60,नेपाल कम्युनिष्ट पार्टी (एमाले),0,0.00%,1,डिल्ली राज पन्त,M,66,60+,2,नेपाली काँग्रेस,0,0.00%,2,दान बहादुर विश्‍‍वकर्मा,M,68,60+,44,"लोकतान्त्रिक समाजवादी पार्टी, नेपाल  ",0,0.00%,3
7,सुदूरपश्चिम प्रदेश,709,कन्चनपुर,7091,60263,कन्चनपुर-1,तारा लामा तामाङ,M,49,41-60,1,3,F,33,21-40,नेपाल कम्युनिष्ट पार्टी (एमाले),0,0.00%,1,बीना मगर,F,38,21-40,3,नेपाल कम्युनिष्ट पार्टी (माओवादी केन्द्र)(एकल चुनाव चिन्ह),0,0.00%,2,दिल्ली वहादुर शाही,M,61,60+,4,राष्ट्रिय प्रजातन्त्र पार्टी,0,0.00%,3
7,सुदूरपश्चिम प्रदेश,709,कन्चनपुर,7092,59524,कन्चनपुर-2,नर बहादुर धामी,M,43,41-60,1,1,M,38,21-40,नेपाल कम्युनिष्ट पार्टी (एमाले),0,0.00%,1,नारायण प्रकाश साउद,M,60,41-60,2,नेपाली काँग्रेस,0,0.00%,2,अशोक बहादुर सिह,M,37,21-40,4,राष्ट्रिय प्रजातन्त्र पार्टी,0,0.00%,3
7,सुदूरपश्चिम प्रदेश,709,कन्चनपुर,7093,53529,कन्चनपुर-3,निरु देवी पाल,F,51,41-60,1,1,M,45,41-60,नेपाल कम्युनिष्ट पार्टी (एमाले),0,0.00%,1,रमेश लेखक,M,58,41-60,2,नेपाली काँग्रेस,0,0.00%,2,अम्वा दत्त तिवारी,M,36,21-40,44,"लोकतान्त्रिक समाजवादी पार्टी, नेपाल  ",0,0.00%,3